{"input_shapes": [[2]], "input_data": [[0.7731782793998718, 0.24167710542678833]], "output_data": [[8.0]]}