{"input_shapes": [[2]], "input_data": [[0.9695059657096863, 0.2143436074256897]], "output_data": [[8.0]]}